,X,Y,Op,Alarm
0,6.2925951905722615,-6.809027965378098,1.0,0.0
1,6.7319152073566055,-3.370589441658332,1.0,1.0
2,2.2624689275714567,-6.732929224866199,1.0,0.0
3,6.399882335687579,-10.48611625913448,1.0,0.0
4,6.492078259873587,-8.509327592979542,1.0,0.0
5,4.814651748917997,-7.063242306210096,1.0,0.0
6,5.70077038771373,-6.892414117810547,1.0,0.0
7,5.986245963016039,-6.883767182113268,1.0,0.0
8,5.45433214401382,-7.9634544234064855,1.0,0.0
9,6.785106356145587,-10.578303906342803,1.0,1.0
10,6.443948902933707,-7.189509306799014,1.0,1.0
11,4.672673688330935,-7.359038542406914,1.0,1.0
12,6.319859991269161,-6.376818174766297,1.0,0.0
13,6.107712260924796,-8.364224785518863,1.0,1.0
14,4.63507310095951,-5.656535930765207,1.0,0.0
15,7.86390588297164,-7.650590664324383,1.0,0.0
16,3.8443949016805985,-4.955195332016319,1.0,0.0
17,8.939753638687328,-3.742125134542449,1.0,0.0
18,4.482068089072904,-5.610810288577498,1.0,0.0
19,5.402253952447181,-6.540937465830752,1.0,0.0
20,5.585478286807517,-9.546263506619681,1.0,0.0
21,6.5863578884524605,-11.511989341002852,1.0,0.0
22,4.181859273268636,-1.4436921049631524,1.0,1.0
23,4.2153075016261425,-5.640110884779674,1.0,0.0
24,5.745330773693937,-7.182670833313105,1.0,1.0
25,4.93799946797821,-6.965573128509464,1.0,0.0
26,6.194374947743709,-14.465594176061122,1.0,0.0
27,6.2659002249719356,-6.982809339848072,1.0,0.0
28,5.59514341364657,-7.46148880385916,1.0,0.0
29,4.828817100384315,-7.25502767261893,1.0,1.0
30,7.332237379867994,-6.895208422624181,1.0,0.0
31,3.894825129963116,-10.368264077142234,1.0,0.0
32,4.872750574142388,-4.668866787643239,1.0,0.0
33,6.3591950895213065,-3.866100715973007,1.0,0.0
34,3.4161195655263503,-8.863015729330877,1.0,0.0
35,6.154903915612292,-2.867641667869451,1.0,1.0
36,4.538127750463257,-5.80991513896619,1.0,0.0
37,3.591711374923634,-5.891929007951436,1.0,0.0
38,4.675288811107515,-7.663259524813703,1.0,0.0
39,7.008862306246975,-2.2943688354911957,1.0,1.0
40,5.17617213036339,-6.100509602854739,1.0,0.0
41,3.9828866184392684,-3.9311363350678072,1.0,0.0
42,4.049685116418537,-9.97210357188448,1.0,0.0
43,2.9363925354162848,-9.975122163108914,1.0,0.0
44,4.400686014049673,-4.574374334519772,1.0,0.0
45,7.440937244605829,-8.270626007018603,1.0,1.0
46,4.4269436330104295,-6.356756701572967,1.0,1.0
47,4.7535778925724355,-4.957755802483817,1.0,0.0
48,3.6258909484245994,-5.922159074011793,1.0,0.0
49,5.198073195061382,-6.775258951265917,1.0,1.0
50,8.047470202280374,-1.7315178235214121,1.0,0.0
51,5.646621928608491,-8.434690741490066,1.0,0.0
52,3.7970433765539884,-9.171043275819573,1.0,0.0
53,4.602775082834583,-8.3290123042062,1.0,0.0
54,6.807510432922943,-8.781480882228765,1.0,1.0
55,2.927450782469327,-7.272402050407722,1.0,1.0
56,6.553018229691383,-5.115736941155784,1.0,1.0
57,5.486909165494446,-5.321005995448386,1.0,0.0
58,7.491356967483328,-7.537935376803364,1.0,1.0
59,4.118083434017114,-7.479005104002009,1.0,1.0
60,6.684831836566119,-4.903361268736642,1.0,0.0
61,4.986596616932154,-10.997836206295995,1.0,0.0
62,7.635354750936066,-7.464589771579231,1.0,0.0
63,6.850794088803182,-8.22183646062502,1.0,0.0
64,4.052283117111836,-6.937459327961692,1.0,0.0
65,4.93465866560887,-5.2584575897895105,1.0,1.0
66,3.460792688993632,-10.28789080723054,1.0,0.0
67,7.354265396257562,-6.755158761904428,1.0,0.0
68,3.5971019705931635,-7.879575334537487,1.0,0.0
69,7.77565466758676,-7.1489499310570155,1.0,1.0
70,6.320161212116903,-6.798630648125927,1.0,1.0
71,6.368661719820828,-9.846663814549268,1.0,0.0
72,4.201876695763116,-4.123829374710796,1.0,0.0
73,3.319698123600208,-4.821466870345441,1.0,1.0
74,4.848647113027157,-7.949589034080049,1.0,0.0
75,3.373326511073839,-10.327301287068718,1.0,1.0
76,4.967618118951816,-8.781669293578389,1.0,0.0
77,6.889801581628023,-6.190531285301626,1.0,0.0
78,6.878464061410901,-9.464776945725774,1.0,0.0
79,5.8822683674927125,-6.565143406385346,1.0,0.0
80,6.499850430767343,-4.600162138095236,1.0,0.0
81,6.690910257079856,-4.907699625966773,1.0,1.0
82,6.293909330528384,-6.170261980951804,1.0,0.0
83,2.6966635053314083,-7.982253872145855,1.0,0.0
84,5.830888630669871,-8.677929907227448,1.0,0.0
85,5.826330360971899,-9.43489274267822,1.0,0.0
86,5.167070778824284,-9.233809238052075,1.0,0.0
87,7.827193401748962,-8.351723744614112,1.0,0.0
88,5.667138970147396,-9.365387281517755,1.0,0.0
89,5.473425672822138,-5.901108739533138,1.0,0.0
90,4.84474787687613,-8.56727912283216,1.0,1.0
91,4.385118399107203,-7.312716379348133,1.0,0.0
92,4.093720818074842,-7.388695657688981,1.0,0.0
93,7.185677811055834,-6.1615064975170295,1.0,0.0
94,5.297026639363339,-7.69601165515076,1.0,1.0
95,6.215711942617298,-9.728540746890078,1.0,0.0
96,3.7610092288050616,-7.344336424320063,1.0,0.0
97,7.218339820348453,-4.540818010009799,1.0,0.0
98,7.005539415820595,-1.9773532070983046,1.0,0.0
99,2.6150775148301633,-5.908312365421839,1.0,1.0
100,2.4388881712940345,-5.098203639488011,1.0,1.0
101,5.006218442474021,-6.2380992567750315,1.0,0.0
102,2.6466359470327854,-8.165456874572232,1.0,0.0
103,5.096851241911029,-4.909636511863878,1.0,0.0
104,6.984429656840978,-5.460453217367077,1.0,0.0
105,2.19132929626796,-3.7449323058585744,1.0,1.0
106,3.054074353582953,-2.943228201258375,1.0,0.0
107,4.305613624580155,-4.770207503715824,1.0,0.0
108,3.840219575045487,-6.983533108222104,1.0,1.0
109,2.6555436238598813,-4.420315047691689,1.0,0.0
110,5.383404145704794,-7.557191278393235,1.0,0.0
111,7.182394551097778,-3.776563495316555,1.0,0.0
112,3.5102145225194494,-5.629611251979357,1.0,0.0
113,5.836849320275,-4.028703965514227,1.0,0.0
114,3.7449955565434907,-2.281262504932423,1.0,0.0
115,4.3371082382670165,-4.892118807189872,1.0,0.0
116,4.2634289314320215,-10.918274030197832,1.0,0.0
117,9.1256607868727,-14.742400688715206,1.0,0.0
118,3.3400135575426537,-7.624376538551594,1.0,0.0
119,3.514300777379664,-5.587349972051598,1.0,0.0
120,4.268066157839233,-3.430505087947035,1.0,1.0
121,2.8606206513231993,-8.71290230937762,1.0,1.0
122,4.548230829110589,-3.5956816273437195,1.0,0.0
123,2.72746828805621,-6.429932026236781,1.0,0.0
124,3.3064396328163133,-8.031973062220281,1.0,0.0
125,5.379258929977281,-6.072120461503547,1.0,1.0
126,2.605682053167533,-4.756755517431685,1.0,0.0
127,5.87922779190559,-5.845647670524234,1.0,0.0
128,4.088564018286633,-11.108790812740335,1.0,1.0
129,4.3243063628043705,-4.157987458041006,1.0,0.0
130,7.410820080127472,-4.421432853461513,1.0,0.0
131,1.9545447078594274,-5.7277981003386955,1.0,0.0
132,6.242598607311918,-3.099207943507051,1.0,0.0
133,3.7837880900952103,-4.046520333880192,1.0,0.0
134,4.415298094124069,-8.498308803267115,1.0,1.0
135,5.591889312792528,-7.8315245820481625,1.0,0.0
136,3.223481675310608,-6.61900035895738,1.0,1.0
137,4.537166201938909,-4.623580034017739,1.0,0.0
138,4.695650976350164,-11.435792555357185,1.0,0.0
139,6.85900854084851,-7.393024834438112,1.0,0.0
140,6.221145023578552,-3.7385455249171122,1.0,0.0
141,2.5284195719260065,-9.92265577397069,1.0,0.0
142,6.356513517716929,-5.908483452891545,1.0,0.0
143,6.286343011333931,-9.088306711851345,1.0,0.0
144,5.842286263160073,-4.524687045189625,1.0,0.0
145,6.825380249146045,-8.321522767429054,1.0,0.0
146,2.7603634616257797,-13.007268579884183,1.0,0.0
147,5.181525722907906,-2.860851501776038,1.0,1.0
148,6.418937713221113,-6.168307512934616,1.0,0.0
149,5.4713944671984445,-5.457253713084845,1.0,1.0
150,2.8261937414885634,-6.4573516143111105,1.0,0.0
151,1.6331797217428776,-9.842972303752703,1.0,0.0
152,4.255852523422165,-5.959059759940431,1.0,0.0
153,6.0563308197482275,-7.949315512604052,1.0,0.0
154,5.875087671099836,-1.4541971949494696,1.0,0.0
155,5.231158529445643,-6.319821300467133,1.0,0.0
156,3.733053033401178,-7.906957499005627,1.0,0.0
157,4.912260255990814,-7.89071877630042,1.0,0.0
158,3.8616435684484083,-7.775007588834845,1.0,0.0
159,8.093015702885447,-3.1244128454817615,1.0,0.0
160,5.216778959012601,-7.062177404805693,1.0,1.0
161,2.010240805003723,-6.653084678240511,1.0,1.0
162,4.055655300629696,-3.883184463428409,1.0,0.0
163,5.334411769254442,-7.69337343515474,1.0,0.0
164,5.4241130158137185,-8.03827310729397,1.0,0.0
165,3.6569073841067876,-7.098706650277336,1.0,0.0
166,3.3129453319637774,-5.4818591265118854,1.0,0.0
167,3.888958223975056,-4.297242445374412,1.0,0.0
168,4.118901607070753,-5.69187216677225,1.0,0.0
169,4.878295189217096,-3.1134175006738376,1.0,0.0
170,4.715300019839889,-7.841888154541762,1.0,0.0
171,5.571953864465625,-4.475900964302403,1.0,0.0
172,4.709510977327955,-6.513862253068969,1.0,0.0
173,5.970762494485223,-4.743058687460856,1.0,0.0
174,8.225572926483986,-3.3135512681670223,1.0,0.0
175,5.923313957019947,-2.656263975534584,1.0,0.0
176,5.356786246270877,-8.075027314563075,1.0,0.0
177,5.182497077697071,-6.84053479693271,1.0,0.0
178,4.569200292381227,-8.444552146249594,1.0,0.0
179,2.4781930029395536,-12.237309653907051,1.0,0.0
180,3.7493628514007264,-6.121837534969516,1.0,0.0
181,4.524700711861935,-8.613053891626967,1.0,0.0
182,6.253668518284143,-5.493768416275577,1.0,0.0
183,7.129881769062619,-6.662716910987763,1.0,0.0
184,5.2273119149939165,-5.492191227060344,1.0,0.0
185,3.682698015994,-9.705675837711278,1.0,0.0
186,5.214347476985642,-4.287530076853789,1.0,0.0
187,3.0269729557059915,-9.447456602691654,1.0,0.0
188,1.8994818043570767,-3.2910164461108287,1.0,0.0
189,6.347229810395108,-8.674882604534243,1.0,0.0
190,5.632678930370905,-4.48381544957833,1.0,0.0
191,4.0609099015519545,-8.760295579038043,1.0,0.0
192,4.93394840030144,-4.036623016356503,1.0,1.0
193,6.1347444249498055,-4.385045198185368,1.0,0.0
194,5.919964567381359,-7.9194026435374525,1.0,0.0
195,6.217820823921862,-9.374095155535084,1.0,1.0
196,2.028660836946008,-7.898669485502214,1.0,1.0
197,3.559825454242052,-4.160010472984975,1.0,0.0
198,4.5505521653690995,-6.341780687409586,1.0,1.0
199,6.8328560282241,-7.258587293456503,1.0,0.0
200,4.474673754232159,-5.819921494486895,1.0,0.0
201,3.1090989289459037,-6.67236796697295,1.0,0.0
202,3.326575500868044,-5.018800089016226,1.0,0.0
203,2.825655102305031,-8.344108711166047,1.0,0.0
204,7.036231964651696,-6.344539187804384,1.0,0.0
205,2.9297002549226625,-12.324793067953554,1.0,0.0
206,6.278704894944634,-6.485038452809866,1.0,0.0
207,6.9029960186035115,-13.293529138433568,1.0,1.0
208,9.722473330622577,-9.182916759426888,1.0,1.0
209,2.3575533546407446,-2.3975674905105526,1.0,0.0
210,1.548233760583646,-9.133680325245285,1.0,0.0
211,5.259468018987683,-8.15710149912641,1.0,1.0
212,3.8468859882433266,-10.044474745097146,1.0,1.0
213,7.049894762654613,-4.949635874915138,1.0,0.0
214,4.344364877328203,-4.827986621834072,1.0,0.0
215,7.0824416499404945,-6.989602460803274,1.0,0.0
216,3.8645940891968316,-10.268532985122944,1.0,0.0
217,8.961680916808549,-4.781519872544484,1.0,0.0
218,5.429635547747041,-8.34335565338761,1.0,0.0
219,6.157827497565633,-5.635779040800779,1.0,1.0
220,6.816703844301711,-8.29494748409356,1.0,0.0
221,2.5199762428217825,-8.839317929474339,1.0,0.0
222,4.817991564873344,-3.527342245378086,1.0,0.0
223,2.4534836808907614,-8.607394969005487,1.0,0.0
224,5.888905484744904,-7.996912219197392,1.0,0.0
225,7.551621886973713,-6.245141373095941,1.0,0.0
226,7.079169344727007,-8.351577435456035,1.0,0.0
227,4.255565962685377,-6.194498902280817,1.0,0.0
228,4.937849630273744,-5.439641301518848,1.0,0.0
229,3.93718216029066,-7.619246276369078,1.0,0.0
230,4.137931845664001,-2.985537338733379,1.0,0.0
231,5.543519909069229,-8.698238383627542,1.0,0.0
232,2.961872156612692,-8.402565432380463,1.0,0.0
233,2.5537109003614025,-4.0128527922253365,1.0,0.0
234,4.261740345668984,-5.607021737351157,1.0,0.0
235,5.012027902713158,-9.766442880949235,1.0,0.0
236,1.8170599108841827,-9.036870745282634,1.0,0.0
237,3.555967556465885,-6.203628156609054,1.0,0.0
238,2.8535184410293586,-5.7123346646885045,1.0,0.0
239,5.110933133562507,-5.508305160245158,1.0,0.0
240,5.694908990817289,-5.335144257780601,1.0,0.0
241,3.8145297318642584,-9.404562972665428,1.0,0.0
242,5.47404083820678,-11.990605012289471,1.0,1.0
243,5.507976232124058,-9.827345420741251,1.0,0.0
244,2.532027179637841,-7.4997635518274555,1.0,0.0
245,3.241930064276417,-3.844166361377832,1.0,0.0
246,4.022726442835891,-2.416843691103706,1.0,0.0
247,4.31979789059701,-6.783345640860348,1.0,0.0
248,7.591801737892915,-5.351479878842978,1.0,0.0
249,7.571273375439141,-11.389729680211126,1.0,0.0
250,2.7577948963230945,-6.379939121977495,2.0,1.0
251,3.8730546067562623,-8.899538083186323,2.0,0.0
252,4.944860081485545,-7.074139061270112,2.0,0.0
253,5.22804050324116,-7.494849262657426,2.0,0.0
254,2.5846365584180515,-6.327730831238867,2.0,0.0
255,2.8719718481005074,-4.651255717783878,2.0,1.0
256,3.2707332084761234,-7.113511941308452,2.0,0.0
257,5.781757091346748,-4.812703406020112,2.0,0.0
258,2.552082973037785,-6.882863011249967,2.0,0.0
259,3.556280071985374,-6.659285027700685,2.0,0.0
260,2.768764441389184,-6.156186526175038,2.0,1.0
261,4.540915399783246,-6.880217458599301,2.0,0.0
262,2.9283446544817755,-6.1341645530503595,2.0,0.0
263,4.3212173073939155,-8.213182099258077,2.0,0.0
264,4.068617789156279,-6.5049278527418855,2.0,0.0
265,4.752976198821395,-6.834800484849884,2.0,0.0
266,5.019284179380355,-6.351723724020522,2.0,1.0
267,5.184808287025051,-5.919911048374262,2.0,0.0
268,5.0951359152625395,-6.618653301754821,2.0,0.0
269,4.143916871900955,-6.288897208780142,2.0,0.0
270,3.8655049158661026,-6.542701425632782,2.0,0.0
271,3.9514732814767966,-5.783264547126189,2.0,0.0
272,4.414899075854877,-5.022340730223806,2.0,0.0
273,3.2869396343010977,-8.12097907966654,2.0,0.0
274,4.692421364482916,-7.882904441948542,2.0,0.0
275,3.3167790399432793,-7.6977713230973865,2.0,0.0
276,3.0323863970146108,-8.891282403860567,2.0,0.0
277,3.745153570388899,-8.027645646847743,2.0,0.0
278,2.9088607988959554,-5.069961933381789,2.0,0.0
279,4.348614241513292,-6.574708278427864,2.0,0.0
280,3.777064556959524,-8.300792924110667,2.0,0.0
281,5.239071871300631,-6.601348956939555,2.0,0.0
282,3.9179379516503654,-7.668002676155829,2.0,0.0
283,5.532964912685005,-5.117249145842031,2.0,0.0
284,3.5916112429553757,-7.386541708728407,2.0,0.0
285,4.232901635705481,-6.533859988272852,2.0,0.0
286,3.453530854580393,-5.908288055967427,2.0,0.0
287,4.554244032315095,-6.70208456535824,2.0,0.0
288,5.092926317540889,-5.372287254683295,2.0,0.0
289,3.2637740569779043,-7.314695611995367,2.0,0.0
290,5.330698788576945,-7.09489170170432,2.0,1.0
291,4.731408584127602,-7.065348310010194,2.0,1.0
292,4.3342849037575695,-6.090539538014587,2.0,0.0
293,5.054828660647644,-7.139242784238758,2.0,0.0
294,3.712035586093986,-7.808854743749779,2.0,0.0
295,3.563705770526029,-5.230223690356481,2.0,0.0
296,3.2812700265287917,-6.784844669777552,2.0,0.0
297,3.5746369079286473,-6.025051936526116,2.0,0.0
298,3.9642256365798922,-7.575583500421402,2.0,0.0
299,5.406370339595572,-7.08099010437048,2.0,0.0
300,-8.12546099673205,-7.67992075161725,3.0,0.0
301,-6.099733176492224,-4.642388358785677,3.0,0.0
302,-7.380502546587106,-11.069249590221492,3.0,0.0
303,-5.751570419089509,-5.432056478708364,3.0,0.0
304,-8.70172931102864,-2.778606059013533,3.0,0.0
305,-8.42624683781416,-10.130002169750325,3.0,1.0
306,-9.129676442236521,-5.914065828439622,3.0,0.0
307,-10.106560763761003,-9.489826249073985,3.0,0.0
308,-10.449584132167589,-6.617469053925083,3.0,0.0
309,-8.057151147683074,-6.600994496340839,3.0,0.0
310,-7.66745061710143,-7.330665475266906,3.0,0.0
311,-5.609068760844062,-6.094205548589438,3.0,0.0
312,-8.420863609117733,-7.7085284662182385,3.0,0.0
313,-6.849189797672679,-5.30412519092431,3.0,0.0
314,-10.135159005352993,-5.77260812155101,3.0,0.0
315,-7.576175612693718,-3.717535934382711,3.0,0.0
316,-8.783712665940609,-12.1616484968694,3.0,0.0
317,-7.962800979079936,-6.248151573114788,3.0,0.0
318,-10.459035857924071,-4.542192757044965,3.0,1.0
319,-8.974339545620017,-10.249204294862409,3.0,0.0
320,-8.161850807748898,-7.909277445476354,3.0,0.0
321,-11.57317185717252,-6.484579192487957,3.0,0.0
322,-6.17738823693834,-1.5263759343515355,3.0,0.0
323,-9.829237671571617,-2.4799104753795165,3.0,0.0
324,-4.043199789575329,-6.741111695199091,3.0,0.0
325,-8.969325613825385,-5.326954414515226,3.0,0.0
326,-5.904997575029652,-4.425392329472171,3.0,0.0
327,-7.912546250746193,-6.7692121295104615,3.0,0.0
328,-9.514799503592021,-4.820566564243912,3.0,0.0
329,-6.407384414046514,-8.692309432487448,3.0,0.0
330,-8.09695907706873,-9.963576655719313,3.0,1.0
331,-9.892567880718689,-7.899375167646541,3.0,0.0
332,-6.951861612309575,-5.90433859982727,3.0,0.0
333,-5.396591379414564,-5.455822130073736,3.0,0.0
334,-9.833994515721226,-5.724984334246403,3.0,1.0
335,-8.655252126716642,-8.255898026703726,3.0,0.0
336,-8.712171635103232,-3.6507058469619613,3.0,0.0
337,-8.878863474937573,-5.222888646027752,3.0,0.0
338,-7.869257462320852,-5.520783006748249,3.0,0.0
339,-8.794129862285441,-8.489206261757971,3.0,0.0
340,-7.646491596436203,-6.1855698845898175,3.0,0.0
341,-10.731204085016193,-5.930743394645595,3.0,0.0
342,-9.924230207401266,-6.612962002247952,3.0,0.0
343,-7.678530005866736,-2.9868243197953745,3.0,0.0
344,-7.611339399536175,-4.3106142250750175,3.0,0.0
345,-7.422932702650055,-6.0846842765616245,3.0,0.0
346,-5.884191794258713,-6.905351103780691,3.0,0.0
347,-4.917082186818865,-7.715309640483355,3.0,1.0
348,-3.9910938603348374,-8.965139544494011,3.0,0.0
349,-8.195895067525768,-2.974001426366774,3.0,0.0
350,-7.499832395685573,-4.720781172580485,3.0,0.0
351,-8.94813230361891,-4.868456948254558,3.0,0.0
352,-5.567418106515618,-3.2166861550052266,3.0,0.0
353,-7.504770270363818,-5.856040861060507,3.0,0.0
354,-8.587181559995763,-2.6387526871488727,3.0,0.0
355,-7.907304498403887,-10.301675646314667,3.0,0.0
356,-8.411973287416979,-6.6530212856087605,3.0,0.0
357,-6.20417302326711,-2.9524652376056535,3.0,0.0
358,-7.834338475077879,-4.941703319963764,3.0,0.0
359,-8.504265808735632,-5.565953366742754,3.0,0.0
360,-7.063119930652027,-5.695188767398154,3.0,1.0
361,-8.022049511838034,-9.522595014454225,3.0,0.0
362,-8.1641748094957,-4.323305564068802,3.0,0.0
363,-8.3116668144812,-9.66364270786453,3.0,1.0
364,-10.407451249325426,-6.512917520945895,3.0,0.0
365,-8.916684269622651,-5.0668632496138235,3.0,0.0
366,-9.794779443859955,-4.964858816498747,3.0,0.0
367,-9.682375588203653,-6.169596388384927,3.0,0.0
368,-8.590838028155014,-4.461656462962269,3.0,0.0
369,-5.370141411810516,-7.6112968224259205,3.0,0.0
370,-9.224745168349608,-7.909384094883282,3.0,0.0
371,-8.389387241157495,-6.289990351202756,3.0,0.0
372,-8.494081018898477,-1.9241626464275816,3.0,0.0
373,-7.991057011511474,-8.792491089101665,3.0,0.0
374,-5.632480007111373,-3.8544087077096494,3.0,0.0
375,-5.649248126967131,-2.159180124669299,3.0,1.0
376,-7.561205980544302,-7.177334555763468,3.0,0.0
377,-7.178421944593469,-1.8425043476035645,3.0,0.0
378,-9.758205904389648,-4.235265631803957,3.0,1.0
379,-10.396568874585066,-2.9762187852760724,3.0,0.0
380,-6.34421358570663,-4.287036829631817,3.0,0.0
381,-6.954010445580872,-7.976280752095327,3.0,1.0
382,-5.807926890898489,-6.510167557004905,3.0,0.0
383,-6.829510536951255,-7.130913493473623,3.0,0.0
384,-8.749040773376043,-6.409206505488593,3.0,0.0
385,-9.810219484595127,-7.375407112181655,3.0,0.0
386,-7.759504363280503,-5.7422835827186605,3.0,0.0
387,-6.781874786166387,-6.196249281931103,3.0,0.0
388,-7.251978213577207,-4.14986915859803,3.0,0.0
389,-8.77705594308181,-5.852237195138707,3.0,0.0
390,-6.842020095860149,-6.2087074177562425,3.0,1.0
391,-7.9135826753713925,-7.1880925235855075,3.0,0.0
392,-8.995924092599608,-8.321611695103805,3.0,0.0
393,-8.68440987141411,-6.8721676127758515,3.0,0.0
394,-10.49323892235718,-6.64102435577705,3.0,1.0
395,-9.328776062116432,-8.635888712218685,3.0,0.0
396,-6.864271400258316,-4.850962143837743,3.0,0.0
397,-8.212328777750502,-8.815331620411431,3.0,0.0
398,-6.903812517765954,-5.94260281156909,3.0,0.0
399,-8.655261783795563,-12.748754982874082,3.0,0.0
400,-7.446447491847299,-2.566633171325438,3.0,1.0
401,-11.420009697850487,-5.198171732937279,3.0,0.0
402,-7.157305481634287,-4.558712370580086,3.0,0.0
403,-10.358038853917176,-6.291711174951215,3.0,0.0
404,-10.195751445966868,-3.370412475959698,3.0,0.0
405,-5.551688388477119,-8.57318893676472,3.0,1.0
406,-8.522920176681339,-4.255145813070553,3.0,0.0
407,-8.883956227569705,-7.3230341970758595,3.0,0.0
408,-9.7008685496165,-5.128094774533312,3.0,0.0
409,-7.585201358204716,-5.089387905387354,3.0,0.0
410,-7.745897292144277,-3.33678974132487,3.0,0.0
411,-9.138634468449338,-3.2731213857223063,3.0,0.0
412,-6.018194465905588,-4.402533510735086,3.0,0.0
413,-7.7086928972220425,-8.669412132822963,3.0,1.0
414,-9.10160240287415,-9.597180537688956,3.0,0.0
415,-7.077623185539306,-10.253053532200067,3.0,0.0
416,-6.446449841818908,-5.462149971508103,3.0,0.0
417,-9.185024526729988,-6.939620543518943,3.0,0.0
418,-6.9811188122475425,-6.365173839165243,3.0,0.0
419,-8.891644980166284,-4.916762016449748,3.0,1.0
420,-9.304631454892844,-6.784259964500284,3.0,0.0
421,-10.554335450831658,-6.043235165672038,3.0,0.0
422,-7.205304267180363,-8.260367727899132,3.0,0.0
423,-7.552767274574166,-3.428471017173903,3.0,0.0
424,-5.553133405738307,-8.415900990269886,3.0,0.0
425,-6.977867383375144,-4.911479576230251,3.0,0.0
426,-7.90342284702207,-4.379369241010676,3.0,0.0
427,-8.25504512269923,-7.580146424947314,3.0,0.0
428,-6.8872836523089145,-8.93883979802278,3.0,0.0
429,-12.481113302874931,-2.073775852975298,3.0,1.0
430,-8.97328113119904,-5.729547831737839,3.0,0.0
431,-6.257847879142595,-6.101948368866198,3.0,0.0
432,-4.2255999035192,-3.937334684246308,3.0,0.0
433,-11.368136318776761,-2.874897332153149,3.0,0.0
434,-10.554193991910815,-7.651842619787747,3.0,0.0
435,-8.910379433567007,-5.094605769137901,3.0,1.0
436,-6.609114123917995,-5.414529699747828,3.0,1.0
437,-9.360244028903981,-8.959764588954789,3.0,0.0
438,-8.90599534527531,-3.9968361621250255,3.0,0.0
439,-8.199495686327536,-3.7534890267198096,3.0,1.0
440,-9.640483163398684,-7.069961772321994,3.0,0.0
441,-8.47832335863682,-6.57270024266915,3.0,0.0
442,-9.844990831421402,-5.2742896594492805,3.0,0.0
443,-6.131803708874375,-4.560668378790537,3.0,0.0
444,-7.166618180360808,-6.329665376788847,3.0,0.0
445,-10.945549177394723,-3.104751222216943,3.0,0.0
446,-8.63174242180237,-3.678243571709914,3.0,0.0
447,-7.3025400625641925,-4.834471589016252,3.0,0.0
448,-8.091427952282466,-6.807163514142614,3.0,0.0
449,-7.691548379501828,-5.093478566860449,3.0,0.0
450,-6.897650320553145,-7.618021920172452,3.0,0.0
451,-7.382764572626662,-7.154522222594337,3.0,0.0
452,-6.581302485468429,-8.6112209592488,3.0,0.0
453,-7.710701590992363,-4.198145200161239,3.0,1.0
454,-8.312510090662808,-3.118700138629826,3.0,0.0
455,-7.184340182149942,-6.828151169478533,3.0,0.0
456,-7.64740552418151,-3.3123286053935397,3.0,0.0
457,-8.81470622881428,-8.709289599859488,3.0,0.0
458,-8.146960220104816,-9.922357645844654,3.0,1.0
459,-7.712062220751067,-5.15006919050866,3.0,0.0
460,-6.103428409709857,-1.8093381791487229,3.0,0.0
461,-6.098904616084191,-7.118091369990548,3.0,0.0
462,-6.647749908911133,-4.410152211844567,3.0,0.0
463,-10.936943604931534,-4.5304846658391495,3.0,0.0
464,-10.898341292229716,-7.852267149880124,3.0,0.0
465,-7.412814561236755,-5.86928704028562,3.0,0.0
466,-6.229394954773616,-4.4094072428819855,3.0,0.0
467,-10.357536105998427,-3.859297228319434,3.0,0.0
468,-6.693416797194625,-7.136628487638529,3.0,0.0
469,-7.428481758011635,-1.648564503439232,3.0,0.0
470,-6.677349992516886,-2.34750215176748,3.0,0.0
471,-7.142096700473939,-7.261117173680299,3.0,0.0
472,-8.536823314876886,-3.720549924375056,3.0,0.0
473,-7.489083879549587,-9.748122712387005,3.0,0.0
474,-8.189891214334342,-6.087274381904172,3.0,0.0
475,-5.706961629644247,-7.711682797136688,3.0,0.0
476,-4.2446242375474315,-4.376199696373495,3.0,0.0
477,-6.534438565831931,-7.533455665290633,3.0,0.0
478,-8.842987864205163,-7.1633525043658235,3.0,0.0
479,-7.1862821881744505,-8.2934383150244,3.0,0.0
480,-10.315978123995697,-10.748756570449778,3.0,0.0
481,-9.735874696878957,-5.99050227732845,3.0,0.0
482,-11.011841120505363,-8.340249956774432,3.0,1.0
483,-6.48075664132905,-4.899385612409969,3.0,0.0
484,-9.915447588713596,-3.9818247823487054,3.0,0.0
485,-7.277356208461435,-11.912271203249892,3.0,0.0
486,-7.801661367626289,-5.722933673948498,3.0,0.0
487,-8.715586450975142,-6.708892694764371,3.0,0.0
488,-6.159219142441821,-2.4204022794932993,3.0,0.0
489,-7.15149589637354,-8.394446336489608,3.0,0.0
490,-7.957036448256372,-5.780759033389224,3.0,0.0
491,-6.887054002474697,-6.033586934270092,3.0,0.0
492,-8.030692218026656,-9.073887868789194,3.0,0.0
493,-8.890612542692098,-7.335066910492923,3.0,0.0
494,-7.574288034786712,-6.92489228812388,3.0,0.0
495,-8.229265831493763,-3.180925316508657,3.0,0.0
496,-7.579682944824113,-3.0814831843154553,3.0,0.0
497,-5.246918272561617,-7.759499790797304,3.0,0.0
498,-8.142282765658104,-4.7183594114883896,3.0,1.0
499,-7.734547853412424,-5.610980023756726,3.0,0.0
500,-10.364052975455861,1.719836596751292,4.0,0.0
501,-5.65707103209696,1.8488273035284712,4.0,0.0
502,-5.570316298823187,1.7830488464367522,4.0,1.0
503,-9.55912531302682,1.9788962936515302,4.0,0.0
504,-9.200347743329543,1.2436550443836425,4.0,0.0
505,-10.926285216433277,1.8783572148321204,4.0,0.0
506,-8.301687530428756,2.8266086125938603,4.0,0.0
507,-10.067772947604478,1.881260119949844,4.0,0.0
508,-10.702671156690947,2.1604681896794773,4.0,0.0
509,-8.742106533565728,3.1366030871207498,4.0,0.0
510,-6.532738613585397,1.2423426531432789,4.0,0.0
511,-8.662679098354179,1.8666282193295545,4.0,0.0
512,-9.273970626697356,1.6096417110716803,4.0,0.0
513,-7.990890541464291,2.356561243373292,4.0,0.0
514,-6.995145945915148,2.0233305947808056,4.0,0.0
515,-7.706434120972273,2.5542544332283055,4.0,0.0
516,-8.252583943841755,2.4204786114057337,4.0,0.0
517,-7.030314099559276,1.9212119965808345,4.0,0.0
518,-6.936737029069993,2.6181886164436188,4.0,0.0
519,-7.3656382982195145,1.7187603915175262,4.0,0.0
520,-10.200193365593044,2.0979662340913037,4.0,0.0
521,-7.1378855536261785,1.9583892764008801,4.0,0.0
522,-9.040771320031714,1.669920218065836,4.0,0.0
523,-7.1278624504572035,1.584875495754148,4.0,0.0
524,-5.857819748285699,1.5202044330771332,4.0,0.0
525,-8.292825731655743,2.060458798313776,4.0,0.0
526,-8.600139270858527,2.3702073170149736,4.0,0.0
527,-9.024979876816266,1.971914170669529,4.0,0.0
528,-9.30819364464988,1.9546150778905547,4.0,0.0
529,-6.373249351129943,1.8164029726396405,4.0,0.0
530,-5.398383023045851,1.7727269973203137,4.0,0.0
531,-5.231229495077094,1.8222477250575624,4.0,1.0
532,-12.067414768504566,1.5069208952351187,4.0,0.0
533,-6.352040861966948,1.9040551631901035,4.0,0.0
534,-8.104412909955544,1.3677312519007028,4.0,0.0
535,-8.536282878801348,1.7265695715754692,4.0,0.0
536,-8.041334580542571,2.2873427089868144,4.0,0.0
537,-6.271890184546962,1.2863325109226773,4.0,0.0
538,-8.241474883114723,2.4089619911233195,4.0,0.0
539,-6.930697020315846,1.8587945655446791,4.0,0.0
540,-9.69557783891152,2.3379100131099393,4.0,0.0
541,-6.742586007268496,1.9159607569194683,4.0,0.0
542,-6.655851053222453,2.3524922458123196,4.0,0.0
543,-8.690880807842959,1.7180378242751493,4.0,0.0
544,-8.211727792615857,3.395555014244307,4.0,0.0
545,-7.058661623065106,2.4004220185144725,4.0,0.0
546,-6.55164122417059,1.9155286295128195,4.0,0.0
547,-9.437435247952898,1.5877143691467062,4.0,0.0
548,-8.090699481547235,1.991843207014443,4.0,0.0
549,-7.1515902482257045,2.2416750038818454,4.0,0.0
550,-7.611323990391547,1.7472023461482875,4.0,0.0
551,-7.748619093663668,2.299556333317087,4.0,0.0
552,-7.092963336619213,1.8981411446428957,4.0,0.0
553,-9.852101087365057,1.8271758734049088,4.0,0.0
554,-6.514088248419602,1.3712441124642347,4.0,0.0
555,-5.715473097219539,1.2987147419819776,4.0,0.0
556,-9.938045500934464,2.596266617201673,4.0,0.0
557,-7.401797311080976,1.9740303817966594,4.0,0.0
558,-5.787498477821286,1.7223094325921529,4.0,0.0
559,-7.9053015692973165,1.9328998039192054,4.0,0.0
560,-9.638906458909213,0.9998277834291827,4.0,0.0
561,-7.369832214204916,2.572024047416335,4.0,0.0
562,-6.301741262985356,2.0330027254291925,4.0,0.0
563,-7.294819834095112,1.8664013387915868,4.0,0.0
564,-6.32467373185973,1.0779210323607433,4.0,0.0
565,-9.674602390861999,1.9567644358264262,4.0,0.0
566,-10.729169408148412,1.6049283894637696,4.0,0.0
567,-8.442342535673054,1.1279093114627052,4.0,0.0
568,-11.37639890944045,2.4311758319762875,4.0,0.0
569,-9.359124414230598,1.9557510835935088,4.0,0.0
570,-7.271535395258474,2.2013398477943644,4.0,0.0
571,-6.056843633940567,2.213652315629558,4.0,0.0
572,-5.649295678916085,2.5373538681313357,4.0,0.0
573,-9.793259691048343,1.8497718457216705,4.0,0.0
574,-7.029222478075502,2.2148300905522036,4.0,1.0
575,-12.484780099196286,2.658099392814332,4.0,0.0
576,-11.217725923080561,1.992974412196651,4.0,0.0
577,-7.462176035588431,1.3502962149587572,4.0,0.0
578,-7.251003105119785,1.7966491745958535,4.0,1.0
579,-7.1627084294197605,2.0594433800758254,4.0,0.0
580,-7.416985602240628,1.4529955959813727,4.0,0.0
581,-8.95425038081196,1.6673917563133611,4.0,0.0
582,-8.856641037208531,2.6159897066340885,4.0,0.0
583,-5.620975664192676,2.052209513523213,4.0,0.0
584,-9.017717169422502,2.485997380223276,4.0,0.0
585,-6.828663251200792,2.095937706446923,4.0,0.0
586,-8.447881551369989,1.8946690858400423,4.0,0.0
587,-10.269421188168318,2.3517693287525367,4.0,0.0
588,-7.084361989691879,1.3528394082086455,4.0,0.0
589,-7.4332373321085035,2.089308769744984,4.0,0.0
590,-8.30751452752623,2.8071350026979367,4.0,0.0
591,-7.88857061773112,2.189794883814882,4.0,0.0
592,-6.11591947548973,1.7834579545868772,4.0,0.0
593,-5.3516432619016125,1.5863647626656208,4.0,0.0
594,-8.957854076343184,1.6589645381620748,4.0,0.0
595,-9.021471674927662,1.632179107846177,4.0,0.0
596,-7.596901761018545,1.565366638229797,4.0,0.0
597,-7.674004881683465,2.2918234571573066,4.0,0.0
598,-7.372080985859549,2.0705520803636843,4.0,0.0
599,-6.313025381243113,1.3789794484104523,4.0,0.0
600,-7.747344740083465,1.9080822984226666,4.0,0.0
601,-10.711700230038026,2.02529315889345,4.0,0.0
602,-8.626431975779843,1.6380304565006194,4.0,0.0
603,-6.533187033244254,2.7570965366621207,4.0,0.0
604,-7.091887609864433,2.1645426969741215,4.0,0.0
605,-9.413403571022275,2.7856008959588596,4.0,0.0
606,-7.8890212473594445,2.3218394245653045,4.0,0.0
607,-10.406731052326844,1.3773136832184818,4.0,0.0
608,-7.1881983997177095,2.243564816637724,4.0,0.0
609,-6.071672328981153,1.8308848743887634,4.0,0.0
610,-5.952718613081362,2.0641098334044137,4.0,0.0
611,-7.440613858600896,1.603068123387151,4.0,0.0
612,-6.4032711118799135,1.7197216131937623,4.0,0.0
613,-9.800987559770297,1.175047107452274,4.0,0.0
614,-9.117238062903287,1.7815479933296459,4.0,0.0
615,-7.81203320311966,1.5412830445604035,4.0,0.0
616,-5.146989387855055,1.9846670861998106,4.0,0.0
617,-7.16607487637924,1.4329817853443827,4.0,0.0
618,-5.411063719046698,1.903304487391665,4.0,0.0
619,-7.8749834635056315,2.0879276497663986,4.0,1.0
620,-6.707677081813715,2.3122516409862595,4.0,0.0
621,-7.76662582037251,2.4136080172859953,4.0,0.0
622,-7.1710903539794355,2.4629447716275443,4.0,0.0
623,-8.464319227873077,1.816368039974769,4.0,0.0
624,-9.715918177006113,2.103397009247804,4.0,0.0
625,-8.623938300330881,2.4749794748864256,4.0,0.0
626,-8.6752565511145,2.231319262234654,4.0,0.0
627,-8.18764999530302,2.011542513197605,4.0,0.0
628,-7.0931896954826925,2.3496465679543457,4.0,0.0
629,-6.037724847423841,2.1790798900716535,4.0,0.0
630,-8.146710253936725,2.2335048507404367,4.0,0.0
631,-5.5507651395266855,1.4340846461472978,4.0,0.0
632,-8.018814717658785,1.7805323626716012,4.0,0.0
633,-5.397114671126867,2.2050564805436634,4.0,0.0
634,-9.293657529363385,1.6008350104248035,4.0,0.0
635,-6.260750806526095,2.631241192211024,4.0,0.0
636,-9.416812991512137,2.1417783842622895,4.0,0.0
637,-6.771069615527636,1.9203567087631503,4.0,0.0
638,-9.485894895204012,2.940313196482275,4.0,0.0
639,-8.288702860158066,1.3203537384356547,4.0,0.0
640,-8.130744457982024,2.6193305235362376,4.0,0.0
641,-6.893893605849158,1.658009352516482,4.0,0.0
642,-9.374459482339034,1.7295715750613567,4.0,0.0
643,-10.944063138149136,1.7082144861605546,4.0,0.0
644,-7.516655212274702,1.9564866658242202,4.0,0.0
645,-7.104760843805391,1.8723334267275311,4.0,0.0
646,-6.653935196028914,1.4510587425121124,4.0,0.0
647,-5.982376838790188,1.7637565241183335,4.0,0.0
648,-6.974337332543772,1.9275034760108511,4.0,0.0
649,-7.171360007721724,2.1403637465660874,4.0,0.0
650,3.587994307818347,4.535824443133449,5.0,0.0
651,3.8869922084862965,5.580869592923137,5.0,1.0
652,4.1751553264138614,5.908970868860349,5.0,1.0
653,3.9033861750934147,5.082913205415855,5.0,1.0
654,2.828789593765838,4.802627612096179,5.0,0.0
655,3.3310588997412633,5.542866114342335,5.0,0.0
656,4.368428713389095,4.264936320681198,5.0,1.0
657,4.249341091413016,5.102824509506107,5.0,1.0
658,4.199176180399455,4.833558150706043,5.0,1.0
659,3.1924745055990575,5.59158368702364,5.0,1.0
660,3.226831486907975,5.185351178403517,5.0,1.0
661,3.9919667471372673,4.96031476795125,5.0,0.0
662,4.879012380958319,4.097415858015664,5.0,1.0
663,3.2062180278753827,5.776856103010717,5.0,1.0
664,3.344888555881343,5.213291748786397,5.0,1.0
665,3.8489301378928897,6.345893819483944,5.0,0.0
666,4.172952834572636,4.699893172932987,5.0,1.0
667,3.657543757526266,5.407787311700443,5.0,0.0
668,2.62280021535301,4.880208815829309,5.0,1.0
669,4.075295665490355,3.637810712000128,5.0,0.0
670,2.7207327048120797,5.212197902411596,5.0,1.0
671,4.38272631434182,5.575297764364539,5.0,0.0
672,3.6470662809745202,5.462579417239911,5.0,1.0
673,4.2463130390416755,4.5724566949534164,5.0,1.0
674,3.3865145215908785,5.345907201146281,5.0,1.0
675,3.5593554713622235,4.610151725375297,5.0,1.0
676,4.225599093708834,5.145450523189471,5.0,0.0
677,3.9552238868599203,4.604302301158972,5.0,1.0
678,4.11463455931687,3.930584663258647,5.0,1.0
679,5.083913010658714,4.777802694252539,5.0,0.0
680,4.256892529720002,4.819799025478124,5.0,0.0
681,3.7203396958305612,3.399773819649467,5.0,0.0
682,5.049654665691695,4.927800149618687,5.0,0.0
683,3.94156159124471,3.863883576822337,5.0,0.0
684,3.510096495326043,4.727234500324937,5.0,0.0
685,4.95051514278415,5.434981962780727,5.0,1.0
686,3.9874978747809435,3.884713791069296,5.0,1.0
687,2.887490488493425,5.134697605618379,5.0,1.0
688,3.7009611100718782,4.421491585744143,5.0,1.0
689,4.409256811813229,6.114862904154438,5.0,1.0
690,3.8961116072411635,4.369642921340731,5.0,0.0
691,5.0476118711811075,4.0667781762495165,5.0,1.0
692,3.9283182678052904,4.435219222053809,5.0,0.0
693,4.465609051089861,4.086096445668417,5.0,1.0
694,2.5838922797813337,4.516860227300299,5.0,1.0
695,2.9071947607076796,4.686240091423804,5.0,0.0
696,5.389620393733846,6.487134663718545,5.0,0.0
697,3.956981906500811,3.3706350726292635,5.0,1.0
698,3.9730145615212207,5.238119493984798,5.0,1.0
699,4.928829129543255,5.247662568062191,5.0,1.0
700,4.067790104410052,5.234871787402669,5.0,0.0
701,4.887910760781761,5.001080503439628,5.0,1.0
702,4.895982802347219,6.03941398891613,5.0,0.0
703,3.2142902805977127,6.162676075790097,5.0,0.0
704,4.4718553118186275,5.3625669080809395,5.0,1.0
705,3.175935630572879,5.179951384063945,5.0,1.0
706,3.86031741816825,5.453502629243228,5.0,1.0
707,4.484246408997971,5.041911439775263,5.0,1.0
708,4.0650269034214705,6.186531731266233,5.0,1.0
709,4.342264932548939,4.400210376957466,5.0,0.0
710,4.286124362456477,4.406449348234861,5.0,1.0
711,3.9562517280567673,4.841349108137409,5.0,0.0
712,3.975686971368726,4.790478275361062,5.0,1.0
713,4.36402850715295,4.680053854953791,5.0,1.0
714,3.9992653729937566,4.4622389873944535,5.0,1.0
715,3.5870228401645563,4.504439439178668,5.0,0.0
716,4.5193874082803935,4.788955969808254,5.0,1.0
717,3.9407296852871663,4.3633840674112205,5.0,1.0
718,3.5034387955889335,4.998148833598355,5.0,1.0
719,4.947081834261243,4.419332761533818,5.0,1.0
720,3.623481885145647,4.786617346101823,5.0,0.0
721,3.406801147790063,5.3078938143861984,5.0,0.0
722,3.6436456976877922,4.84994857473075,5.0,1.0
723,4.2228416350026,4.8942978185453265,5.0,1.0
724,3.741853971215337,4.901438365366804,5.0,0.0
725,3.590412704279052,5.25715864537473,5.0,1.0
726,3.834959886236763,4.367912256740462,5.0,1.0
727,4.229883276758195,5.391007439615444,5.0,1.0
728,3.52078206197275,5.37232622162902,5.0,1.0
729,3.5224441953652987,5.094742096794098,5.0,1.0
730,3.9750975185218245,5.0111180274600295,5.0,1.0
731,4.111245933684946,4.467275238137058,5.0,1.0
732,4.026165366102732,4.408669313554716,5.0,1.0
733,3.44401302274205,5.457555249678326,5.0,1.0
734,3.322369619345463,4.66655835142041,5.0,1.0
735,4.440324007492646,3.6761980503457616,5.0,1.0
736,4.245813943349526,4.444243513801347,5.0,1.0
737,3.4113326300342885,4.848934712478767,5.0,1.0
738,4.070402753374551,3.446130245959476,5.0,1.0
739,4.3181008212106535,6.2045216506401,5.0,1.0
740,2.8116602776593513,5.022950698586584,5.0,1.0
741,4.720139639966772,4.398484662820681,5.0,1.0
742,4.461806514947544,3.4419195259389594,5.0,1.0
743,3.390541701376071,4.682559869213127,5.0,1.0
744,4.21061947217549,4.874323945812051,5.0,1.0
745,4.099767835494647,4.804124550313552,5.0,0.0
746,2.9773928080390943,5.236679291303062,5.0,1.0
747,3.446239131018058,5.117133116967029,5.0,1.0
748,3.2922424759880085,5.779738741674796,5.0,1.0
749,4.923691642258474,5.057265043306129,5.0,0.0
750,1.4523730630116973,0.10545179323890075,6.0,0.0
751,2.099655064721816,-5.2675195965352986,6.0,1.0
752,-1.4681284888537485,-3.292440406924018,6.0,1.0
753,-2.4534903247667192,0.27796751929889396,6.0,1.0
754,-4.806539883470471,-3.6108522224575132,6.0,0.0
755,-1.0467257142385684,-0.49633772729926795,6.0,1.0
756,0.2873183999646838,-1.8168646241303164,6.0,0.0
757,-2.6451727453909974,-2.3536089120055737,6.0,1.0
758,-2.4993788070075897,-2.9948332196232768,6.0,1.0
759,-3.201719524868407,-0.6045574133264466,6.0,1.0
760,-0.07563468311303434,-2.7260487882002615,6.0,0.0
761,1.8784234405428824,-1.612336946658497,6.0,0.0
762,-1.0008855217438515,-3.5716213720560965,6.0,0.0
763,-3.369191059875447,-1.7054272860236448,6.0,0.0
764,-2.0175789089313136,-1.5120230360181925,6.0,1.0
765,-3.608106350981019,-1.4945046192311964,6.0,1.0
766,-1.8230484105734301,-0.6495004910328581,6.0,1.0
767,3.5761548406736656,-1.3161811361535471,6.0,1.0
768,0.36905456286275906,-2.641943001811253,6.0,1.0
769,-3.0547509323872895,-1.2092663758571076,6.0,0.0
770,-2.6371041274899953,-2.057909861459812,6.0,0.0
771,1.891567778268867,-2.705615063020837,6.0,1.0
772,-0.360249380345835,-1.2594343967533612,6.0,1.0
773,0.03087023978543013,-4.006163066956752,6.0,1.0
774,-2.440297565504704,-4.5582067879726225,6.0,0.0
775,0.09467429581300624,-2.404351238497995,6.0,0.0
776,-2.138007033470884,-2.0546082137741806,6.0,1.0
777,-4.5199438826971985,-3.3101348466567355,6.0,1.0
778,-3.9251362824148797,-1.6704635423592955,6.0,1.0
779,-2.4236579361428774,0.3468974215259517,6.0,1.0
780,-0.4459386106133417,-3.9721669147140686,6.0,0.0
781,-0.11772764182551843,-3.326394729580662,6.0,1.0
782,-0.22581074371291232,-2.890542435998397,6.0,1.0
783,-3.498589039585133,-2.1932112165275917,6.0,1.0
784,-0.1600027256452914,-1.6730474358055012,6.0,0.0
785,-2.8187751692605323,-3.0180353205970247,6.0,1.0
786,-4.528318803336438,-2.8742809376144414,6.0,0.0
787,-2.2175357691035016,-3.69597986659504,6.0,1.0
788,0.49201485392511124,-3.0141676474439008,6.0,1.0
789,0.6686646853375309,-0.4485191426313129,6.0,1.0
790,-2.4883931505471875,-2.7016246044718644,6.0,0.0
791,-1.8570538249412318,-0.7623217839868892,6.0,0.0
792,-1.7726735944254732,-3.1372336204694866,6.0,0.0
793,-1.2760983804317925,-3.3942280946848866,6.0,0.0
794,-0.7554661461660764,-2.7087740190540126,6.0,0.0
795,-1.1342544490394488,-0.26563209825848566,6.0,0.0
796,-2.0067327383705686,-0.467700478303648,6.0,1.0
797,-4.938361407252082,-1.490566257104542,6.0,1.0
798,-3.2753097802214453,-1.3252446235069901,6.0,1.0
799,-2.3932649220950535,-4.1177960015095705,6.0,1.0
800,-0.4291748853780738,-1.5076403407546128,6.0,1.0
801,-4.415810707005692,-1.8761146763589527,6.0,0.0
802,-1.2784366918728085,-2.0061421175259837,6.0,1.0
803,1.4748594939660644,-0.1507207630042633,6.0,0.0
804,1.3313691050840961,-2.1808336046488535,6.0,1.0
805,-0.7090597270328767,-1.2261109504524486,6.0,1.0
806,-3.046775299220456,-2.3747867814226886,6.0,1.0
807,2.0547274371993347,-4.408736509552881,6.0,1.0
808,-3.8028614232562012,-0.6357089681627011,6.0,0.0
809,1.3242108348428432,-4.266276021281088,6.0,1.0
810,-1.5644225721117682,-1.651341255035835,6.0,1.0
811,-1.3829867590767648,-3.4183927746039844,6.0,1.0
812,-0.6399534135722772,-4.669874772208228,6.0,0.0
813,1.431748539378022,-4.330643940749935,6.0,0.0
814,-2.2157927950111755,-0.7673340331674277,6.0,0.0
815,-1.474712611733276,-2.0134736797695028,6.0,0.0
816,-0.9371664767031138,-3.47136546679589,6.0,1.0
817,-3.0665759513286877,-1.3369836802536397,6.0,0.0
818,0.8026677497665029,-2.26242325529663,6.0,1.0
819,-2.3993505583899064,-1.426458295340463,6.0,0.0
820,-3.5368944297273637,-3.793071913774033,6.0,1.0
821,0.5863912828925502,-1.7984268772630883,6.0,0.0
822,-2.11772130623089,-0.2819918382742044,6.0,1.0
823,-1.6586295071481425,-2.9377980611311774,6.0,0.0
824,1.817475567431031,-2.9404766396529194,6.0,0.0
825,-0.709636913303064,-4.033007801429269,6.0,0.0
826,0.08637944164845446,-1.661923014444729,6.0,1.0
827,-2.694773793566907,-1.1556628342263826,6.0,1.0
828,-1.66051776317244,1.303450116097618,6.0,1.0
829,1.078063659037666,-2.6465489985045654,6.0,1.0
830,2.68747737985084,-0.9558679503175191,6.0,1.0
831,-3.763987445057724,-4.733943487387711,6.0,0.0
832,2.1912061763145254,-3.720441470629577,6.0,0.0
833,1.777360606987414,-1.6406620033614057,6.0,0.0
834,-1.967119398261692,-1.0103280603449707,6.0,1.0
835,-1.3187424553520917,-3.342582109758383,6.0,1.0
836,-1.436298278871853,-2.9323256204177857,6.0,0.0
837,2.231705658027267,-3.3554299500241145,6.0,1.0
838,-1.2457265401350113,-1.7767901436682891,6.0,0.0
839,-0.6448153026769659,-2.4117585078371997,6.0,1.0
840,-0.3668200784465645,-3.2074375804230035,6.0,1.0
841,-0.11123315228466546,-5.9130030178083555,6.0,0.0
842,-3.8337647356310067,-2.4182317802112934,6.0,1.0
843,-1.1937543223831821,-0.3771937414707085,6.0,0.0
844,4.154710548304987,-2.954441175211113,6.0,0.0
845,0.9909947960872831,-0.7638203921813473,6.0,0.0
846,-1.2589290081891393,-3.2941882011798502,6.0,1.0
847,-1.9286591420214507,0.7749157479939397,6.0,0.0
848,-2.5087860450014725,1.0947772894371592,6.0,1.0
849,0.007880515747893613,-1.012243097712196,6.0,1.0
850,-2.5557542291802307,-2.5004890353886706,6.0,0.0
851,-2.3253791328058573,-2.992510380645983,6.0,1.0
852,-0.801597045365382,-4.2795754068171,6.0,0.0
853,-0.8100248535185293,-3.521023811260989,6.0,1.0
854,-0.3879321070295828,-1.4863296963865333,6.0,1.0
855,0.02878089266519468,-2.1698616916698175,6.0,1.0
856,-2.2432291201714745,0.02250135084422178,6.0,0.0
857,2.352382290647625,-0.20430620013737189,6.0,1.0
858,-0.05010208100619762,-0.5496871002072232,6.0,0.0
859,0.6523207808904516,-1.095355720863751,6.0,0.0
860,-1.521632162253506,-0.182743447523396,6.0,1.0
861,-1.6271822779663643,-2.783068224437431,6.0,1.0
862,-2.240689656509214,-1.7182363837995414,6.0,0.0
863,-2.8199750445814082,-1.5141871936449054,6.0,1.0
864,-0.39747120033333005,-2.0693219650399515,6.0,0.0
865,-3.384974831846125,-3.2936915774057813,6.0,1.0
866,-4.056233152615317,-1.3204763367709513,6.0,1.0
867,-1.8801441431436292,-2.0004345397673107,6.0,1.0
868,0.3021833892071706,-1.82037352059659,6.0,0.0
869,-2.638137670182121,-4.034340392177498,6.0,1.0
870,1.2778889697535867,-0.9753199301445452,6.0,1.0
871,1.037299334617606,-2.0019097692683943,6.0,0.0
872,1.2246421535408456,-2.1566036814806626,6.0,1.0
873,-3.7351866308849146,-1.5847762630690965,6.0,0.0
874,1.7062107911211641,-3.427384435065699,6.0,1.0
875,-1.8809493511854634,-2.8660735033543387,6.0,0.0
876,-0.17347046975311964,-1.452217796592791,6.0,1.0
877,-0.49443630833824914,-3.797677345534759,6.0,1.0
878,0.19455510506842044,-2.334727369981377,6.0,1.0
879,0.6031300001661593,-3.1815457647539547,6.0,1.0
880,-2.3748964837868174,-3.4145999044372144,6.0,1.0
881,-0.4801145818648367,-2.66268924011889,6.0,1.0
882,-3.1339594602005527,-2.936818300689025,6.0,0.0
883,0.47720579267940666,-3.0684368453782724,6.0,1.0
884,-1.3266143219022917,-3.526169067058084,6.0,1.0
885,-1.2419566054591478,-4.185338003850335,6.0,1.0
886,-1.947472934648164,-1.4579008902889603,6.0,0.0
887,-0.4264130142738626,-0.6432313957322822,6.0,1.0
888,-1.2346344628515205,-0.6900853417907569,6.0,0.0
889,-2.4427482957966884,-1.939856122385282,6.0,1.0
890,0.6229995360071177,-1.9053958867971992,6.0,0.0
891,-3.0643035653599653,-4.2684714083362145,6.0,1.0
892,-2.9496025901654654,-3.29399549729814,6.0,1.0
893,-1.8251705998447898,-2.6498510684303853,6.0,1.0
894,-3.0225001359472654,-1.6521141240004344,6.0,1.0
895,-2.1923265454224787,-0.2581688714729664,6.0,1.0
896,-0.5474895313348471,-1.6534755453356398,6.0,1.0
897,1.6393624948442915,-3.469086600710927,6.0,1.0
898,0.7047721363003316,0.0007149362262044434,6.0,1.0
899,-4.036739495529373,-0.6746122599318058,6.0,1.0
900,-3.6470402675093117,-3.7093853642985017,6.0,1.0
901,-5.079552619638121,-2.959809291325218,6.0,1.0
902,-3.0362853603053974,-1.6016741113854023,6.0,1.0
903,0.6262724763106453,-1.8333280650094463,6.0,1.0
904,-2.711297424854277,-2.031743778487587,6.0,1.0
905,1.0410635688847365,-1.8104809498560364,6.0,1.0
906,-2.2172600738250408,-1.9035239063483722,6.0,0.0
907,0.7332604799606846,-1.7796044139821137,6.0,1.0
908,0.1620495366818513,-1.5406843979775806,6.0,1.0
909,-2.2597470722216486,-1.8034585603067375,6.0,1.0
910,-1.6140030055918304,-2.751645303208199,6.0,1.0
911,0.570120499518824,-0.9208955261064982,6.0,0.0
912,1.3693700606729053,-2.0474159156672194,6.0,0.0
913,-1.7672690888747686,-2.5289565709309945,6.0,0.0
914,1.5593274302472904,-1.937468296532198,6.0,1.0
915,-3.783693110152051,-3.680292719017231,6.0,1.0
916,-2.778990447423192,-1.1931491157755025,6.0,1.0
917,-0.020915478803212317,0.20856977753279438,6.0,0.0
918,-1.8609680996524838,-1.5524310808692556,6.0,1.0
919,-1.3257609584996346,-2.908141465727399,6.0,1.0
920,-2.493392494120765,-4.610289346889245,6.0,1.0
921,-2.6016116367705147,-2.150050363458645,6.0,0.0
922,-3.2204673832295425,-0.2929052217377781,6.0,0.0
923,-1.8978893269337136,-3.088817522481131,6.0,1.0
924,-1.7912767974171344,-2.065072739707703,6.0,1.0
925,5.53439420390205,-5.42755708008518,7.0,0.0
926,4.908469278745161,-4.994211720479753,7.0,0.0
927,5.064508691835257,-5.2970376412574005,7.0,0.0
928,5.832439649041365,-5.453905054319453,7.0,0.0
929,5.285561820887036,-4.665011708691219,7.0,0.0
930,5.742319230333915,-5.497137409933929,7.0,0.0
931,6.553066630388511,-3.9123439407581726,7.0,1.0
932,5.058443080564514,-4.951988219327004,7.0,0.0
933,5.896671116274219,-5.457796367339651,7.0,0.0
934,4.9668064365270395,-3.9876517373916016,7.0,0.0
935,5.6339949485194545,-6.097191156736653,7.0,0.0
936,3.8885015513108234,-4.205954559729823,7.0,0.0
937,5.123250323679083,-2.899969281963272,7.0,0.0
938,4.74712211335339,-5.483599581425971,7.0,0.0
939,4.043848685725523,-5.19458335806053,7.0,0.0
940,6.114904019409226,-5.979646562921674,7.0,0.0
941,6.6832684740738815,-5.295055630739773,7.0,0.0
942,6.6493874680554255,-8.407152956565298,7.0,0.0
943,5.255037337902153,-4.236083250116873,7.0,0.0
944,5.052639240886761,-5.466982639876309,7.0,0.0
945,5.598452537945379,-6.7432907483051725,7.0,0.0
946,5.452595157993529,-4.684632361254139,7.0,0.0
947,5.657128332792874,-2.907297021929113,7.0,0.0
948,4.6152428959484935,-5.072145040062828,7.0,0.0
949,5.565914508091433,-4.748321095502563,7.0,0.0
950,4.922443923275189,-3.9917033807450117,7.0,1.0
951,6.050688922095084,-4.347107524284735,7.0,0.0
952,3.9273996564505653,-5.451186372562433,7.0,0.0
953,4.726143754993301,-4.3838864018538555,7.0,0.0
954,4.2943726905545985,-3.1680372537590307,7.0,0.0
955,4.632839903997812,-4.855970076715311,7.0,0.0
956,4.0880909990626835,-5.579021532113699,7.0,0.0
957,4.54067296096135,-3.777059078360973,7.0,0.0
958,5.6299286893392075,-6.023829466010163,7.0,0.0
959,4.849961834410076,-4.515293161797683,7.0,0.0
960,3.3013960833737785,-3.069963124499429,7.0,0.0
961,4.583970238531095,-6.792227593807208,7.0,0.0
962,4.988404129635677,-4.654816679459072,7.0,0.0
963,3.4646684122828377,-4.27099084402598,7.0,0.0
964,4.999257591260997,-6.105919810380612,7.0,0.0
965,5.396996071574517,-4.526787686938155,7.0,0.0
966,4.629662172396904,-4.895774243095923,7.0,0.0
967,6.081348146616642,-4.190648192613115,7.0,0.0
968,5.1537299389989855,-4.839032187145282,7.0,1.0
969,5.747028282497181,-5.140250419838415,7.0,0.0
970,5.455802530702462,-5.108251416983617,7.0,0.0
971,4.2661674266581,-3.9803915466482,7.0,0.0
972,4.739433305054649,-4.244660621945693,7.0,0.0
973,5.183141873238641,-5.121316247973013,7.0,0.0
974,4.753894086363134,-3.0452503983304835,7.0,0.0
975,3.4719155961782686,-5.85793299934776,7.0,0.0
976,4.74741824862766,-4.536657460184967,7.0,0.0
977,3.9554400680309962,-4.8250190716001535,7.0,0.0
978,4.734261607962033,-4.20402006702773,7.0,0.0
979,5.295166556492379,-6.044437437498152,7.0,0.0
980,3.8784860947122137,-6.572502794670105,7.0,0.0
981,5.590439517748008,-5.184186142192305,7.0,0.0
982,6.638850606092514,-2.539685552685436,7.0,0.0
983,4.963337266475125,-3.635634806665574,7.0,0.0
984,6.243269687056987,-4.612423798695749,7.0,0.0
985,4.0089362198486205,-4.931085019490201,7.0,0.0
986,5.831337304740285,-3.872601208543606,7.0,0.0
987,4.763061677599165,-4.811721627688455,7.0,0.0
988,4.8671009881984,-5.410583275213908,7.0,0.0
989,3.8905754605496856,-5.381305052322792,7.0,0.0
990,6.844865870741611,-5.787424914063667,7.0,0.0
991,4.740676114499547,-4.265468832326706,7.0,0.0
992,4.555191297225861,-5.164091842395987,7.0,0.0
993,7.044241398819302,-5.030222149764147,7.0,0.0
994,5.269961135318243,-4.703879616043126,7.0,0.0
995,5.845857583088804,-5.511871934359126,7.0,0.0
996,5.70903000463851,-3.104510953499055,7.0,0.0
997,4.729884300501338,-4.400203590206719,7.0,0.0
998,5.68380539890634,-5.157343670591107,7.0,0.0
999,3.9409462601040364,-4.41232045372634,7.0,0.0
1000,4.214466167962584,-5.857664229051125,7.0,0.0
1001,4.653062963671134,-3.7069245121766228,7.0,0.0
1002,4.307117714576672,-4.487177176554282,7.0,0.0
1003,7.089690780203991,-3.6709707898063026,7.0,0.0
1004,5.773978439256191,-5.11627143908278,7.0,0.0
1005,5.674864004327093,-4.5321894189029415,7.0,0.0
1006,5.5156145686391005,-2.987894713015814,7.0,0.0
1007,5.562136243186002,-4.820553578768911,7.0,0.0
1008,4.006822595421946,-5.168868489075833,7.0,0.0
1009,5.510416238832501,-3.876658352070546,7.0,1.0
1010,5.546192219383706,-4.480684566767135,7.0,0.0
1011,5.849711448668648,-4.110043214294558,7.0,0.0
1012,3.926586802532424,-3.712215900098699,7.0,0.0
1013,3.776135788940514,-5.3976229801553846,7.0,0.0
1014,3.646141139959025,-5.064118513495288,7.0,0.0
1015,5.6120784532171655,-4.067832557392962,7.0,0.0
1016,5.1970510129713805,-3.4891382054602893,7.0,0.0
1017,5.030255114454156,-4.130322918307608,7.0,0.0
1018,6.118127675209574,-4.26362190508876,7.0,0.0
1019,4.943651357897194,-2.2989183551551053,7.0,0.0
1020,4.210285502351135,-3.64097936842346,7.0,0.0
1021,4.9391632098523015,-5.798786021635033,7.0,0.0
1022,5.494107457998709,-5.620356528822509,7.0,0.0
1023,4.9686116232474244,-4.432113567260224,7.0,0.0
1024,6.018748105583963,-5.089198811941902,7.0,0.0
1025,4.487321977016917,-4.305027983701244,7.0,0.0
1026,3.791233515122334,-4.5841759065482375,7.0,0.0
1027,4.4986850673376955,-5.198349309210743,7.0,0.0
1028,5.550476823500936,-5.815409027297519,7.0,0.0
1029,4.799130851903606,-5.515509840858931,7.0,0.0
1030,4.5207659564812,-4.743308918694572,7.0,0.0
1031,4.726275173735562,-4.446022796157877,7.0,0.0
1032,5.519116883073923,-3.558324999585592,7.0,0.0
1033,5.0155873445480506,-6.165620013436879,7.0,0.0
1034,4.530885063511134,-4.54451811593403,7.0,0.0
1035,6.977646940613296,-4.135900486564433,7.0,0.0
1036,5.26874764371442,-4.9059502322400625,7.0,0.0
1037,5.252124776071183,-3.8642067857567923,7.0,0.0
1038,5.02901242146189,-5.0851490348019315,7.0,0.0
1039,4.551995425507834,-6.378176781013368,7.0,1.0
1040,7.288231529879482,-3.930974892564607,7.0,0.0
1041,5.447763183442718,-5.436862795142268,7.0,0.0
1042,3.5754155629526174,-5.0192608187175916,7.0,0.0
1043,5.6008236592767755,-5.750682819032856,7.0,0.0
1044,5.581409071847057,-4.655313346917259,7.0,0.0
1045,5.10932351405488,-4.066258465375769,7.0,0.0
1046,5.546142302771313,-3.7518205866485363,7.0,0.0
1047,4.252127848468159,-5.098378982234052,7.0,0.0
1048,3.704272708735653,-3.9177833075477864,7.0,0.0
1049,5.855894402904532,-5.234839778694211,7.0,0.0
1050,4.327894214144931,-4.784839901804621,7.0,0.0
1051,4.116851482666216,-5.5227315612149495,7.0,0.0
1052,6.509818711492626,-4.670409374964796,7.0,0.0
1053,4.851097579184427,-5.913047174618738,7.0,0.0
1054,4.323541384773371,-5.289150645902103,7.0,0.0
1055,4.274093951059191,-4.913480259434534,7.0,0.0
1056,3.8149298706860364,-6.0189343716208015,7.0,0.0
1057,5.77963169480418,-5.639409563074498,7.0,1.0
1058,6.616409382576885,-4.555838123607742,7.0,0.0
1059,5.483009711633399,-3.725509445798439,7.0,0.0
1060,4.345569925597326,-5.066631086868701,7.0,0.0
1061,4.741609155263423,-6.083289597240409,7.0,0.0
1062,5.418990043303244,-6.23729233447521,7.0,0.0
1063,5.378093350700325,-5.404934133604677,7.0,0.0
1064,6.484588405056247,-4.212317641415652,7.0,0.0
1065,5.293489045333787,-5.682696478845612,7.0,0.0
1066,4.0903814454527305,-4.555887870891178,7.0,0.0
1067,3.9011676928926,-5.712009473900016,7.0,0.0
1068,5.209643297190224,-5.853307349465661,7.0,0.0
1069,5.842753255394632,-5.3179530735648,7.0,0.0
1070,6.454261655230812,-4.556053946378378,7.0,0.0
1071,4.974859083383122,-6.211024760113702,7.0,0.0
1072,3.6125675800875676,-5.682391678581864,7.0,1.0
1073,4.36483946040916,-4.998776757341214,7.0,0.0
1074,4.862202145578258,-3.256130097929911,7.0,0.0
1075,4.11303850588562,-3.811207348089153,7.0,0.0
1076,5.966599641491707,-4.032964544160391,7.0,0.0
1077,4.2278827786918125,-4.596911160498292,7.0,0.0
1078,5.931302278283382,-5.26222891955357,7.0,0.0
1079,4.577959362210783,-3.933896105329075,7.0,0.0
1080,4.513454068682359,-5.1066509814470304,7.0,0.0
1081,5.417619073685881,-4.687283357786745,7.0,0.0
1082,3.926527092568114,-3.7184683140434536,7.0,0.0
1083,5.63576528106353,-5.006835700338291,7.0,0.0
1084,5.965220386841492,-3.6225190641321756,7.0,0.0
1085,5.863061325674851,-5.257468187266982,7.0,0.0
1086,6.002612462826953,-1.7463765412211405,7.0,0.0
1087,4.340881569869819,-6.912190455598568,7.0,0.0
1088,4.848284770970775,-3.6753909685284567,7.0,0.0
1089,3.727794703304866,-2.1923915775828875,7.0,0.0
1090,5.045014517298607,-3.537372939441515,7.0,0.0
1091,4.682142521675787,-5.628712539266859,7.0,0.0
1092,5.020767879991175,-4.437712329712699,7.0,1.0
1093,4.210549675151237,-5.041912859504204,7.0,0.0
1094,5.217355206940615,-3.6014223763357496,7.0,0.0
1095,5.107625143847589,-3.684420245479589,7.0,0.0
1096,5.917707959752877,-4.766261609094589,7.0,0.0
1097,2.752926376486234,-4.492016911779436,7.0,0.0
1098,6.791404794716508,-5.94283418502232,7.0,0.0
1099,5.043734096614141,-3.9723298859882936,7.0,0.0
1100,4.694763095186069,-4.4559263463202425,7.0,0.0
1101,5.290721805438427,-4.847873192876776,7.0,0.0
1102,3.8128455320085397,-6.774900233342025,7.0,0.0
1103,6.593726838626103,-5.345905440685611,7.0,0.0
1104,6.4174049604988195,-5.6109958101482365,7.0,0.0
1105,4.967507391396515,-4.543939790902989,7.0,0.0
1106,5.5982276438358785,-4.782372728730605,7.0,0.0
1107,5.0727424446022225,-4.435148477349478,7.0,1.0
1108,5.086086687389068,-5.328005305063995,7.0,0.0
1109,4.078756935717468,-5.845655678301362,7.0,0.0
1110,5.132825930620536,-5.304697105380194,7.0,0.0
1111,5.113677255729538,-5.698714656771834,7.0,0.0
1112,4.9977992611497895,-4.272672636155549,7.0,0.0
1113,4.542422093699872,-4.943068368089744,7.0,0.0
1114,5.322653769448366,-6.01448054325839,7.0,0.0
1115,4.227999074885147,-5.019229190265812,7.0,0.0
1116,7.297671750835137,-4.5455004845604075,7.0,0.0
1117,5.831574446291991,-6.315070046475418,7.0,0.0
1118,5.145157385770923,-3.0520970310054114,7.0,0.0
1119,5.360784415710272,-4.896175077779272,7.0,0.0
1120,6.1141625812865765,-4.2914124565068255,7.0,0.0
1121,4.723119807776241,-4.359612998771568,7.0,0.0
1122,5.329498799271057,-4.2194505773494395,7.0,0.0
1123,4.732292271093982,-5.704192060248409,7.0,0.0
1124,5.014829070817812,-6.21033947299933,7.0,0.0
1125,4.854017262783426,-5.817778068490805,7.0,0.0
1126,5.7432892672850375,-6.639109385574536,7.0,0.0
1127,4.551311224574754,-4.122767734695511,7.0,0.0
1128,3.8749218306832285,-4.787593872337431,7.0,0.0
1129,6.038916687260538,-4.218481482292905,7.0,0.0
1130,4.220623525316004,-5.041988729015565,7.0,0.0
1131,5.052179170672474,-5.512194613651095,7.0,0.0
1132,6.4985075021486445,-4.438719364170283,7.0,0.0
1133,4.648038133496105,-4.041108402433595,7.0,0.0
1134,4.010653732597778,-4.276776260353996,7.0,0.0
1135,5.203057813388479,-4.398936431390508,7.0,0.0
1136,6.0967081306072775,-6.063236518780521,7.0,0.0
1137,5.234456573098414,-5.277473013926559,7.0,0.0
1138,5.6835811421626765,-6.429548929074912,7.0,0.0
1139,5.264765484944785,-4.2102453881163875,7.0,0.0
1140,5.240670617301705,-5.786712689425791,7.0,0.0
1141,4.292833011693865,-5.228916583469334,7.0,0.0
1142,4.661488190179849,-6.914952847851239,7.0,0.0
1143,5.854932617033613,-6.231977575432689,7.0,0.0
1144,4.914151454787025,-5.862080276712742,7.0,0.0
1145,6.32038343904261,-5.128072489635494,7.0,0.0
1146,4.393983585866984,-4.465921559542888,7.0,0.0
1147,6.836801528567226,-4.751481111069944,7.0,0.0
1148,5.5290507779231,-4.57325315608746,7.0,0.0
1149,5.252305861809422,-4.796404319590658,7.0,0.0
1150,3.8315198968026047,-5.4473630685311365,7.0,0.0
1151,4.095543241476314,-3.835273273532084,7.0,0.0
1152,5.027766997367219,-5.09076979637598,7.0,0.0
1153,5.231008203424091,-4.435522628784293,7.0,0.0
1154,5.3289271224209855,-6.541509352591712,7.0,0.0
1155,5.29707969145518,-6.738452088850339,7.0,0.0
1156,4.3813761355778365,-6.607725204963803,7.0,0.0
1157,4.569481142737186,-4.283025662828269,7.0,0.0
1158,5.501923005180132,-6.082543248467362,7.0,0.0
1159,5.240359955784179,-6.199174409572019,7.0,0.0
1160,4.033105320454066,-4.8407635928531185,7.0,0.0
1161,4.736759487798174,-5.382114574573201,7.0,0.0
1162,6.10385810198571,-4.663762155580326,7.0,0.0
1163,4.2205491869456075,-5.59831855185831,7.0,0.0
1164,3.9451607162288616,-5.175998036218414,7.0,0.0
1165,5.293141534634246,-5.268867888075451,7.0,0.0
1166,6.095450300144998,-4.208998303506095,7.0,0.0
1167,5.164056854846949,-3.9487236686223843,7.0,0.0
1168,6.282929841077449,-4.861197335169311,7.0,0.0
1169,4.957767827427123,-6.329289460942951,7.0,0.0
1170,5.495406823090831,-4.217663816514157,7.0,0.0
1171,5.151575511815734,-3.3722149845844274,7.0,0.0
1172,6.028769025110079,-7.837599983388992,7.0,0.0
1173,5.398870054453013,-4.361881996724073,7.0,0.0
1174,5.437662547178669,-4.143058358929567,7.0,0.0
1175,3.883064285075309,-6.074360277351964,7.0,0.0
1176,4.169532723587819,-4.5558811361504565,7.0,0.0
1177,4.187520360178287,-5.33455876734814,7.0,0.0
1178,5.3195727121971315,-5.626649140050236,7.0,0.0
1179,4.415890817303103,-4.847890373995809,7.0,0.0
1180,4.283015400850985,-4.328563472758587,7.0,0.0
1181,5.5141099749575835,-4.207113467781684,7.0,0.0
1182,6.038621800487328,-4.625086742887313,7.0,0.0
1183,6.378854642063193,-4.171548270056334,7.0,0.0
1184,4.640852512764925,-5.439237194664224,7.0,1.0
1185,5.732371354572293,-5.173257829989997,7.0,0.0
1186,4.1389344487078406,-3.1984467121863265,7.0,0.0
1187,6.24146373124734,-6.072119511694493,7.0,0.0
1188,4.797276025699267,-5.779532240747882,7.0,0.0
1189,5.5583357181383795,-5.196046874339554,7.0,0.0
1190,5.761167897371497,-2.004567208775169,7.0,0.0
1191,5.146200689863884,-4.34170249318269,7.0,0.0
1192,5.673130339123494,-7.341642993411197,7.0,0.0
1193,4.1246849510109245,-3.7063436515254753,7.0,0.0
1194,5.297219576054778,-4.616141088332723,7.0,0.0
1195,6.285438935543631,-5.363222894825574,7.0,0.0
1196,6.432384300731263,-4.112141043107169,7.0,0.0
1197,3.4147316498629006,-5.036590133364933,7.0,0.0
1198,4.909648479834629,-3.2528814541384965,7.0,0.0
1199,4.29381639802606,-3.9842185114230473,7.0,0.0
1200,5.405706551730841,-5.82407074518126,7.0,0.0
1201,5.762171463783454,-5.305518709314035,7.0,0.0
1202,6.265431767409753,-4.381548275983489,7.0,0.0
1203,4.562848007985261,-3.7331877473258563,7.0,0.0
1204,4.405951216697577,-3.395933655236047,7.0,0.0
1205,6.1829708489700215,-6.962398434139442,7.0,0.0
1206,5.476756111163285,-4.781513055954998,7.0,0.0
1207,4.455176046539572,-6.031468523290966,7.0,0.0
1208,2.9532716500891962,-5.150421708794148,7.0,0.0
1209,5.056410646446157,-3.98680536581512,7.0,0.0
1210,5.972505537125923,-5.55251979637461,7.0,0.0
1211,6.556908385520805,-4.28970406232016,7.0,0.0
1212,4.416133250130963,-3.545300058602664,7.0,0.0
1213,5.254922031117504,-6.150196249122561,7.0,0.0
1214,5.303293473450616,-5.901220710760333,7.0,0.0
1215,5.094705629869585,-6.20944858477179,7.0,0.0
1216,3.933264582128463,-4.200830061079936,7.0,0.0
1217,5.13513850444679,-3.9787832362436175,7.0,0.0
1218,6.569062453877848,-4.141972586859525,7.0,0.0
1219,4.845656742920657,-6.726262335189512,7.0,0.0
1220,4.655293060973167,-5.560374560507892,7.0,0.0
1221,4.833960542378765,-5.685264262584332,7.0,0.0
1222,4.47055934531613,-5.14692598034549,7.0,0.0
1223,5.528709413292262,-5.829793530406324,7.0,1.0
1224,5.662338015633372,-4.605613391465831,7.0,0.0
1225,5.883237110181991,-4.0595434434650555,8.0,1.0
1226,6.19073417845759,-4.701884730574846,8.0,0.0
1227,5.590372511491115,-3.753932784517371,8.0,0.0
1228,5.744302209483237,-4.338002402128453,8.0,0.0
1229,5.779556685779816,-3.13978988983711,8.0,0.0
1230,5.977445122034681,-3.8624938060625693,8.0,0.0
1231,5.837380690573993,-3.9572992803380638,8.0,0.0
1232,5.508846044873696,-4.1788136862625676,8.0,0.0
1233,6.194497443232325,-3.933891027146134,8.0,1.0
1234,6.439288483156519,-3.3278510897203137,8.0,0.0
1235,6.280655216759378,-3.5953785135497154,8.0,0.0
1236,5.618466770429108,-2.6749761029616606,8.0,0.0
1237,6.215122965772908,-4.370492074515546,8.0,0.0
1238,5.563270683962719,-4.824474225067442,8.0,0.0
1239,6.188762060798761,-4.163360378789044,8.0,0.0
1240,6.31423588592998,-4.7967879736371035,8.0,0.0
1241,5.969591535481855,-3.64987482307949,8.0,0.0
1242,6.290253865133081,-4.253729625238649,8.0,0.0
1243,5.399280205932664,-2.765170724229564,8.0,1.0
1244,5.782664426609283,-3.0866854449590697,8.0,0.0
1245,6.288908623788467,-3.792456009466831,8.0,0.0
1246,6.6298671388718535,-4.065538809739725,8.0,0.0
1247,6.68017263242303,-3.5923411624256802,8.0,0.0
1248,6.219267046176121,-4.391912426041417,8.0,0.0
1249,5.4248729685485735,-4.455461564280099,8.0,0.0
1250,5.681732687848734,-5.1932946463885585,8.0,0.0
1251,6.280293530635426,-4.534615533898546,8.0,0.0
1252,5.672012583099383,-4.193847961830977,8.0,1.0
1253,6.47009557547812,-3.2972486214203816,8.0,0.0
1254,5.83305293659087,-4.3274917638451305,8.0,0.0
1255,5.904356750454164,-3.4439667943633694,8.0,0.0
1256,6.166961895664227,-4.121382439108416,8.0,0.0
1257,6.037525140488716,-4.8041269924793655,8.0,0.0
1258,5.712883236920388,-4.7681295379986635,8.0,0.0
1259,6.456826857763994,-4.656590687653502,8.0,0.0
1260,5.683400944585699,-2.21589754614185,8.0,0.0
1261,6.089209802853616,-3.0030124511091425,8.0,0.0
1262,6.628373571242619,-4.198651002943284,8.0,0.0
1263,6.352984574604711,-3.972026533291551,8.0,0.0
1264,6.09230984891138,-4.536410199219628,8.0,0.0
1265,5.949357745296395,-4.15231915026645,8.0,1.0
1266,6.509949803007237,-4.389912595652729,8.0,0.0
1267,5.42924050576274,-6.328848637468445,8.0,0.0
1268,6.55678150116407,-3.9834596729355254,8.0,0.0
1269,5.587908816877862,-3.178834553189465,8.0,0.0
1270,6.228182590169421,-4.164543070775104,8.0,0.0
1271,5.546124874977767,-4.963452203533331,8.0,0.0
1272,5.83667187195701,-5.562643017843375,8.0,0.0
1273,5.989849118866514,-4.28926846209333,8.0,0.0
1274,5.511269345714004,-3.6731217499986095,8.0,0.0
1275,6.426696902236285,-3.177162513861412,8.0,1.0
1276,5.701594001613806,-2.3854574672254225,8.0,0.0
1277,5.894517513061428,-4.792811256644652,8.0,0.0
1278,6.189085218017968,-3.580652487227976,8.0,0.0
1279,6.961283288506736,-5.802696481031797,8.0,0.0
1280,6.230357859329435,-4.920252701480688,8.0,0.0
1281,5.2571537595121445,-3.1638080674606206,8.0,0.0
1282,6.749084673442131,-3.381009023190298,8.0,0.0
1283,6.521599300319528,-3.435001062145651,8.0,0.0
1284,6.496436196830056,-3.6895896541868884,8.0,0.0
1285,5.532923178837158,-4.326226767929783,8.0,0.0
1286,6.160119268526061,-5.347529489480881,8.0,1.0
1287,5.9035717787581365,-4.198533391904929,8.0,0.0
1288,5.858077496709122,-4.3404844906712015,8.0,0.0
1289,6.109877935012672,-3.511665689537977,8.0,0.0
1290,5.3125037540759035,-4.806855355556467,8.0,0.0
1291,6.356467222862137,-3.899595382948168,8.0,0.0
1292,6.006143211219366,-3.3354029202396056,8.0,0.0
1293,5.784854357206532,-4.430259380960984,8.0,0.0
1294,6.367874694144386,-4.410993869018134,8.0,0.0
1295,6.316806965472612,-4.094609020695061,8.0,0.0
1296,6.069038467982489,-4.831506709118869,8.0,0.0
1297,6.407000852794524,-2.563114539828918,8.0,0.0
1298,6.069936632516828,-5.150955780472838,8.0,0.0
1299,6.000373115178244,-4.05197241360168,8.0,0.0
1300,-3.4125635747103176,6.028626848669174,9.0,0.0
1301,-3.0403373565589806,5.644346870735417,9.0,1.0
1302,-3.930552446955389,5.907444868297168,9.0,0.0
1303,-2.6695639725713747,6.243874445587665,9.0,0.0
1304,-3.424080020168952,4.320636253650686,9.0,0.0
1305,-3.422098237969301,6.404934202112807,9.0,0.0
1306,-0.3789686044490628,6.821079955372556,9.0,0.0
1307,-3.780059067535508,5.896751735948578,9.0,0.0
1308,-3.66818300679057,5.376225171183002,9.0,0.0
1309,-4.174086671428431,8.084017738968884,9.0,1.0
1310,-2.671708201031284,4.303867452014677,9.0,0.0
1311,-4.034358112132345,5.201492311158848,9.0,0.0
1312,-3.2039624843954773,5.297328590555455,9.0,1.0
1313,-2.904240849664883,5.885720049554615,9.0,0.0
1314,-2.2368347154364816,6.0145554059563295,9.0,0.0
1315,-3.7750710056530155,5.249254359703463,9.0,1.0
1316,-3.9889566797273788,8.000521454423716,9.0,0.0
1317,-3.856450414739011,6.631925497902764,9.0,0.0
1318,-3.769726345884847,4.661999494670983,9.0,1.0
1319,-4.326115393088929,6.105925125849499,9.0,0.0
1320,-4.921901314354704,6.249992289699064,9.0,0.0
1321,-5.298638533085503,8.21218101443001,9.0,0.0
1322,-3.9947645702980092,4.896116629038945,9.0,0.0
1323,-5.488068879637458,5.253424058164081,9.0,0.0
1324,-2.888788424445702,5.2950249448485724,9.0,0.0
1325,-4.325998952996369,6.434857071307921,9.0,0.0
1326,-4.090868383633958,6.566826223749989,9.0,0.0
1327,-2.00006132611711,6.253074369114351,9.0,0.0
1328,-6.108557201692334,5.218294627598755,9.0,0.0
1329,-2.4665105018115803,6.140628629847996,9.0,1.0
1330,-5.680898720218404,5.086374878974499,9.0,0.0
1331,-3.947785635012464,5.619742140680609,9.0,0.0
1332,-5.875670334842375,6.414524787771866,9.0,0.0
1333,-4.498236261195132,6.405681218635228,9.0,0.0
1334,-4.362512006035807,5.204708915455663,9.0,0.0
1335,-2.846561613774668,4.97772826020113,9.0,0.0
1336,-3.7433558181480957,5.259906498516007,9.0,0.0
1337,-5.109104014602531,4.4826989970719975,9.0,0.0
1338,-3.678639565082652,7.3704615965623566,9.0,0.0
1339,-3.766239709164845,5.6482777448981745,9.0,0.0
1340,-4.2115995210058,5.813199076859911,9.0,0.0
1341,-3.5158287676840176,5.476562797497155,9.0,0.0
1342,-3.7333350657903397,6.70644160479314,9.0,0.0
1343,-4.680045063708938,6.471947195788929,9.0,0.0
1344,-3.7984104488013766,6.554576737038858,9.0,0.0
1345,-4.103384204899121,7.089992685699159,9.0,0.0
1346,-4.800929671719848,7.785185638178583,9.0,0.0
1347,-2.516998419201145,6.067274599402851,9.0,0.0
1348,-3.925368747705207,5.980419630180854,9.0,0.0
1349,-2.291852935027923,5.759006682271693,9.0,0.0
1350,-1.9705963978492544,6.005617796935445,9.0,0.0
1351,-3.4400966505613106,6.8401631499782765,9.0,0.0
1352,-4.317914352727027,4.711713109594338,9.0,0.0
1353,-5.180701957508999,4.251752522256333,9.0,0.0
1354,-3.4477751608167133,5.793033348969065,9.0,0.0
1355,-4.787992887174644,6.693841464820828,9.0,0.0
1356,-3.740087761908488,7.9336982877064495,9.0,0.0
1357,-4.725106892971078,6.2494480251736295,9.0,0.0
1358,-4.698112830370892,6.812655989445589,9.0,0.0
1359,-3.156758216931224,5.838119776396891,9.0,0.0
1360,-4.46722130418368,5.735761137468859,9.0,0.0
1361,-5.2598172955311755,6.179737340142612,9.0,0.0
1362,-2.2878477783912343,5.202813679075685,9.0,1.0
1363,-3.6345023533786063,4.211703300981213,9.0,0.0
1364,-4.4537558779743565,4.835146144316611,9.0,1.0
1365,-3.2820114866179675,6.042428236000044,9.0,0.0
1366,-4.446900699506203,5.847075178897757,9.0,0.0
1367,-5.256473499970944,4.318842148402824,9.0,0.0
1368,-1.9400421238177596,6.103050982689921,9.0,0.0
1369,-2.692584170127339,7.153823749853467,9.0,0.0
1370,-1.2917969786945105,5.930151770850278,9.0,0.0
1371,-3.968357282332198,6.337594967490503,9.0,0.0
1372,-4.36026551231013,6.692895357615327,9.0,0.0
1373,-4.894448571936908,4.636249193390578,9.0,0.0
1374,-3.9703940251145142,6.211310679003854,9.0,0.0
1375,-5.470619539503003,6.40085823482189,9.0,0.0
1376,-5.329724646896423,6.027322560749942,9.0,0.0
1377,-4.668063393316514,7.97621668137927,9.0,0.0
1378,-3.4418248765423636,9.30103164505936,9.0,0.0
1379,-2.902708812138913,4.755879187106871,9.0,0.0
1380,-3.53428751302273,6.662128003475466,9.0,0.0
1381,-4.486056878166219,7.334487826738652,9.0,0.0
1382,-2.1974156140259424,6.520783482210904,9.0,0.0
1383,-4.394360839636556,5.604053390269894,9.0,0.0
1384,-6.993732000561845,6.8908327745598825,9.0,0.0
1385,-3.646377005067333,4.719493479064615,9.0,0.0
1386,-4.364700638859664,4.961802450989744,9.0,0.0
1387,-2.7058118216388984,6.971462585323324,9.0,0.0
1388,-4.701832471793426,6.057844545010001,9.0,0.0
1389,-4.580061375138954,3.9735673536726694,9.0,0.0
1390,-4.1176778667823575,6.5782465939420485,9.0,0.0
1391,-5.014218891547245,6.412445116917209,9.0,0.0
1392,-4.743667573836125,6.245589999004827,9.0,0.0
1393,-3.8280573688235116,6.537000856466949,9.0,0.0
1394,-3.186047455778461,5.725374242399503,9.0,0.0
1395,-3.267048049125994,6.727726041263607,9.0,0.0
1396,-2.951234681530856,5.027456006736287,9.0,0.0
1397,-2.8940546329776002,5.596190595471935,9.0,0.0
1398,-6.525687286563457,6.865742694225511,9.0,1.0
1399,-4.166104505941634,7.450069266934078,9.0,0.0
